{
  "type": "video/webm;codecs=\"vp9\"",
  "duration": 14948.000000,
  "init": { "offset": 0, "size": 777},
  "media": [
    { "offset": 777, "size": 107284, "timecode": 0.000000 },
    { "offset": 108061, "size": 103091, "timecode": 4.271000 },
    { "offset": 211152, "size": 91638, "timecode": 8.542000 },
    { "offset": 302790, "size": 54020, "timecode": 12.813000 }
  ]
}
