{
  "type": "video/webm;codecs=\"vp9\"",
  "duration": 14948.000000,
  "init": { "offset": 0, "size": 778},
  "media": [
    { "offset": 778, "size": 231014, "timecode": 0.000000 },
    { "offset": 231792, "size": 217789, "timecode": 4.271000 },
    { "offset": 449581, "size": 194947, "timecode": 8.542000 },
    { "offset": 644528, "size": 119756, "timecode": 12.813000 }
  ]
}
