{
  "type": "video/webm;codecs=\"vp9\"",
  "duration": 14948.000000,
  "init": { "offset": 0, "size": 779},
  "media": [
    { "offset": 779, "size": 368648, "timecode": 0.000000 },
    { "offset": 369427, "size": 360980, "timecode": 4.271000 },
    { "offset": 730407, "size": 318252, "timecode": 8.542000 },
    { "offset": 1048659, "size": 199184, "timecode": 12.813000 }
  ]
}
