{
  "type": "audio/webm;codecs=\"vorbis\"",
  "duration": 14979.000000,
  "init": { "offset": 0, "size": 5033},
  "media": [
    { "offset": 5033, "size": 62378, "timecode": 0.000000 },
    { "offset": 67411, "size": 63032, "timecode": 4.988000 },
    { "offset": 130443, "size": 62129, "timecode": 9.983000 }
  ]
}
